company_name,quote_id,description,qty,unit_price
Municipio do Seixal,22290,Filtros MV/G4.445.622.44,2.0,11.5
Municipio do Seixal,22290,Filtros MV/G4.391.622.44,1.0,11.25
Municipio do Seixal,22290,Filtros F7.592.592.520.25.10,2.0,25.45
Municipio do Seixal,22290,Filtros F7.592.592.520.25.10,2.0,25.45
Municipio do Seixal,22290,Filtros MV/G4.448.448.48,2.0,10.25
Municipio do Seixal,22290,Filtros F7.490.392.520.25.8,2.0,22.95
Municipio do Seixal,22290,Filtros F7.490.392.520.25.8,2.0,22.95
valinox,18623,Filtros MV/G4.592.490.48,8.0,7.0
valinox,18623,Filtros MV/G4.490.592.48,6.0,7.0
valinox,18623,Filtros MV/M5.490.592.48,4.0,9.0
valinox,18623,Filtros F7/PL.490.592.96,9.0,42.5
valinox,18623,Filtros M6/PL.402.290.48,1.0,22.5
Aramus,18636,Filtros MV/G4.1110.450.90,6.0,15.5
Aramus,18636,Filtros MV/G4.1110.400.90,18.0,14.5
ATM,22265,Filtro MV/G4.485.420.48,1.0,8.5
ATM,22265,Filtro MV/G4.287.592.48,18.0,5.5
ATM,22265,Filtro MV/G4.592.592.48,54.0,7.5
ATM,22265,Filtro F7/RG.592.592.292,27.0,47.5
ATM,22265,Filtro F7/RG.592.287.292,9.0,31.5
ATM,22265,Filtros F7/PL.800.500.48,20.0,37.5
ATM,22265,Filtro MV/G4.500.800.48,20.0,10.5
ATM,22265,Filtro F7/PL.500.625.48,32.0,32.5
ATM,22265,Filtro MV/G4.625.500.48,32.0,7.5
ATM,22265,Filtro MV/G4.500.500.48,20.0,7.25
ATM,22265,Filtro MV/G4.500.500.48,2.0,7.25
ATM,22265,Filtro MV/G4.500.625.48,4.0,7.5
ATM,22265,Filtro MV/G4.760.540.48,2.0,11.5
Aramus,18583,Filtros MV/G4.592.592.48 ,4.0,8.5
Aramus,18583,Filtros MV/G4.592.592.48 ,4.0,8.5
Aramus,18583,Filtros F7.592.592.400.25.8,4.0,15.5
Aramus,18583,Filtros F7.592.592.400.25.8,4.0,15.5
ATM,22270,Filtros F7.792.392.535.25.8,6.0,27.5
ATM,22270,Filtros F9.792.392.535.25.10,4.0,32.5
ATM,22270,Filtros H14.513.513.66,1.0,125.0
ATM,22270,Filtros H14.762.762.66,2.0,195.0
Sotécnica,18634,Filtros M5/PL.780.820.55,6.0,64.5
Taguspark SA,18610,Diversos,1.0,419.5
C.TECCI,2207061721,UTAN 1 Filtro bolsa EP 50 1/2 592.300.25 mm 330 mm 2,2.0,12.5
C.TECCI,2207061721,UTAN 1 Pré-filtros metálico G2 592.592.48 mm 4,4.0,9.25
C.TECCI,2207061721,UTAN 1 Pré-filtros metálico G2 592.300.48 mm 2,2.0,6.5
C.TECCI,2207061721,UTAN 2 Filtro bolsa EP 50 1/1 592.592.25 mm 330 mm 2,2.0,15.5
C.TECCI,2207061721,UTAN 2 Filtro bolsa EP 50 1/2 592.287.25 mm 330 mm 2,2.0,12.5
C.TECCI,2207061721,UTAN 2 Filtro bolsa 320.287.25 mm 330 mm 1,1.0,12.95
C.TECCI,2207061721,UTAN 2 Filtro bolsa 320.287.25 mm 330 mm 1,1.0,12.95
C.TECCI,2207061721,UTAN 2 Pré-filtros metálico G2 592.592.48 mm 2,2.0,9.5
C.TECCI,2207061721,UTAN 2 Pré-filtros metálico G2 592.287.48 mm 2,2.0,6.5
C.TECCI,2207061721,UTAN 2 Pré-filtros metálico G2 880.287.48 mm 1,1.0,11.5
C.TECCI,2207061721,UTAN COZINHA Filtro bolsa EP 50 1/1 592.592.25 mm 330 mm 2,2.0,15.5
C.TECCI,2207061721,UTAN COZINHA Filtro bolsa EP 50 1/2 592.287.25 mm 330 mm 2,2.0,12.5
C.TECCI,2207061721,UTAN COZINHA Pré-filtros metálico G4 592.592.48 mm 2,2.0,9.5
C.TECCI,2207061721,UTAN COZINHA Pré-filtros metálico G4 592.287.48 mm 2,2.0,6.5
C.TECCI,2207061721,UTV 1 Filtro bolsa EP 50 1/1 592.592.25 mm 330 mm 2,2.0,15.5
C.TECCI,2207061721,UTV 1 Pré-filtros metálico G4 592.592.48 mm 2,2.0,9.5
C.TECCI,2207061721,UTAN 3 Pré-filtros metálico G4 592.592.48 mm 2,2.0,9.5
C.TECCI,2207061721,UTAN 3 Pré-filtros 592.287.48,2.0,6.5
ATM ,18577,Filtros RG/F9.592.287.292,10.0,35.5
ATM ,18577,Filtros RG/F9.592.592.292,15.0,49.95
ATM ,18577,Filtros F9.592.592.500.25.10,10.0,18.5
ATM ,18577,Filtros F7.592.592.550.25.8 ,15.0,14.5
ATM ,18577,Filtros F9.592.592.500.25.6,10.0,14.95
ATM ,18577,Filtros F9.287.592.500.25.3,10.0,10.5
ATM ,18577,Filtros F9.287.592.500.25.5,20.0,14.0
ATM ,18577,Filtros F9.592.437.500.25.5,10.0,14.0
ATM ,18577,Filtros F9.490.292.525.25.5,10.0,14.0
ATM ,18577,Filtros F9.592.287.500.25.8,10.0,15.5
ATM ,18577,Filtros F9.437.287.500.25.6,10.0,14.5
ATM ,18577,Filtros F9.437.592.500.25.10,10.0,19.5
ATM ,18577,Filtros F9.287.592.500.25.5,15.0,14.0
ATM ,18577,Filtros F7.287.592.520.25.5,15.0,14.0
ATM ,18577,Filtros F7.437.592.500.25.10,10.0,18.5
C.upK,2207291200,M5.490.490.46,2.0,11.5
C.upK,2207291200,F7.490.490.45,4.0,36.5
ANA,18455,Filtros MV/G4.800.445.98,20.0,11.5
ANA,18469,Filtros F7.592.592.300.25.6,18.0,12.99
ANA,18469,Filtros F7.287.592.300.25.3,9.0,9.5
Lennox,18559,Filtros MV/G4.625.500.48,16.0,7.5
Lennox,18559,Filtros MV/G4.500.500.48,16.0,7.15
JJTomé,22278,Filtros F7/PL.500.625.50,16.0,37.5
JJTomé,22278,Filtros F7/PL.500.800.50,10.0,42.5
JJTomé,22278,Filtros MV/G4.500.625.50,16.0,8.5
JJTomé,22278,Filtros MV/G4.500.800.50,10.0,10.5
JJTomé,22278,Filtros MV/G4.500.400.50,24.0,7.5
JJTomé,22278,Filtros MV/G4.500.500.50,16.0,8.25
ATM ,18601,Filtros MV/G4.592.592.48 ,2.0,8.25
ATM ,18601,Filtros MV/G4.592.287.48,1.0,6.5
ATM ,18601,Filtros MP/G4.592.592.25,34.0,8.35
ATM ,18601,Filtros MP/G4.592.287.25,6.0,6.6
ATM ,18601,Filtros F9.592.592.400.25.8,17.0,17.5
ATM ,18601,Filtros F9.287.592.400.25.4,3.0,12.5
ATM ,18601,Filtros MP/G2.1090.210.5,2.0,10.6
ATM ,18601,Filtros MP/G2.750.223.5,8.0,8.6
ATM ,18601,Filtros F7.592.592.500.25.10,4.0,19.5
ATM ,18601,Filtros F7.287.592.500.25.05,2.0,14.25
ATM ,18601,Filtros MP/G4.540.645.25,1.0,7.85
ATM ,18601,Filtros MV/G4.775.410.95,6.0,12.5
ProAir Industrial,18586,MV/G4.690.420.48,18.0,7.25
ATM,22267,MV/G4.592.592.45,186.0,7.75
ATM,22267,G3.592.592.600.25.4,135.0,14.5
ATM,22267,G4.592.287.600.25.4,88.0,14.4
ATM,22267,G4.592.592.600.25.4,264.0,14.5
ATM,22267,M5.592.287.600.25.4,88.0,14.05
ATM,22267,M5.592.592.600.25.6,336.0,14.5
Extragas Lda,18582,Filtros PL/F7.610.610.48.PVC,8.0,32.5
ATM ,18576,Conforme Lista Anexa,1.0,2133.25
Turbogas,18578,Rolos G4 Azul/Branco 20.2 mts,8.0,120.0
Extragas,18575,Filtros F7.592.592.535.25.6,4.0,15.5
Extragas,18575,Filtros F7.592.435.535.25.6,3.0,15.5
Extragas,18575,Filtros F7.287.592.535.25.3,5.0,12.5
Extragas,18575,Filtros F7.287.435.535.25.3,3.0,12.5
Extragas,18575,Filtros F7.287.287.535.25.3,3.0,11.5
Extragas,18575,Filtros MV/G4.445.550.97,12.0,9.95
Extragas,18575,Filtros MV/G4.465.550.97,12.0,9.95
Extragas,18575,Filtros MV/G4.745.460.97,12.0,12.5
ANA,18518,Filtros M5.392.792.500.25.6,48.0,22.5
ANA,18518,Filtros F7.392.792.635.25.4,48.0,21.5
Lennox,18616,Filtros G4.592.592.360.25.4,12.0,11.5
Lennox,18616,Filtros G4.592.287.360.25.4,6.0,10.5
Lennox,18616,Filtros G4.892.490.360.25.6,1.0,14.5
ATM,22276,Filtros F7.592.592.380.25.8,54.0,14.25
ATM,22276,Filtros F7.287.592.380.25.4,13.0,11.95
ATM,22276,Filtros F7.592.287.380.25.8,18.0,15.5
ATM,22276,Filtros M5.592.592.380.25.6,114.0,14.0
ATM,22276,Filtros M5.287.592.380.25.3,26.0,11.95
ATM,22276,Filtros M5.592.287.380.25.6,42.0,14.5
ATM,22276,Filtros M5.287.287.380.25.3,6.0,12.5
ATM,22276,Filtros F7.287.287.380.25.3,3.0,12.5
ATM,22276,Filtros F7/RG.592.287.292,3.0,38.5
ATM,22276,Filtros F7/RG.592.592.292,6.0,57.5
ATM,18511,Filtros MV/G4.592.592.45,80.0,7.5
Engie,18559,Filtros F7.592.592.330.25.7,9.0,14.5
Engie,18559,Filtros G4.592.592.360.25.4,9.0,11.5
Auchan,22285,Filtros MV/G4.592.592.48,3.0,7.5
Auchan,22285,Filtros F9/RG.592.592.292,3.0,48.5
Auchan,22285,Filtros MV/G4.625.500.48,120.0,7.25
Auchan,22285,Filtros F7/PL.625.500.98,60.0,42.5
Auchan,22285,Filtros M6/PL.490.592.96,2.0,44.5
Auchan,22285,Filtros M6/PL.592.592.96,2.0,45.5
Auchan,22285,Filtros F9/RG.592.287.292,1.0,32.5
Auchan,22285,Filtros MCA.287.592.48,1.0,24.5
IKEA Loulé,22264,M6/PL.287.592.48,41.0,15.5
IKEA Loulé,22264,M6/PL.592.592.48,59.0,25.5
IKEA Loulé,22264,F7.287.592.380.25.3,37.0,10.5
IKEA Loulé,22264,F7.592.592.380.25.6,77.0,14.5
IKEA Loulé,22264,MV/G4.287.592.48,37.0,5.5
IKEA Loulé,22264,MV/G4.592.592.48,79.0,6.955
ATM ,18567,Filtros G3.592.592.600.25.4,175.0,12.99
ATM ,18567,Filtros MV/G4.592.592.45,140.0,7.5
ATM ,18567,Filtros M5.592.592.600.25.6,90.0,14.75
ATM ,18571,Filtros M5.592.592.600.25.6,96.0,14.75
ATM ,18571,Filtros G4.592.592.600.25.4,96.0,12.99
ATM ,18571,Filtros G4.592.287.600.25.4,32.0,12.95
ATM ,18571,Filtros M5.592.287.600.25.4,32.0,14.5
C.Sotecnica,2207251735,1000.370.100,40.0,11.5
C.Sotecnica,2207251735,390.390.45,2.0,6.5
C.Sotecnica,2207251735,287.287.23,2.0,5.5
C.Sotecnica,2207251735,1185.285.20,2.0,10.5
C.Sotecnica,2207251735,110.320.10,2.0,10.5
C.Sotecnica,2207251735,115.325.10,2.0,10.5
C.Sotecnica,2207251735,900.225.12,2.0,7.0
C.Sotecnica,2207251735,1320.320.45,1.0,12.0
C.Sotecnica,2207251735,953.248.15,2.0,7.0
C.Sotecnica,2207251735,1063.293.15,2.0,8.0
C.Sotecnica,2207251735,418.303.15,3.0,5.0
C.Sotecnica,2207251735,637.245.20,2.0,6.0
C.Sotecnica,2207251735,1260.257.20,2.0,7.0
C.Sotecnica,2207251735,945.260.20,2.0,7.0
C.Sotecnica,2207251735,323.323.15,2.0,5.0
C.Sotecnica,2207251735,1185.260.15,2.0,7.0
C.Sotecnica,2207251735,210.260.40 ,2.0,5.0
Sotécnica,18630,MP/G4.210.1490.3,10.0,14.5
Sotécnica,18630,MP/G4.210.1190.3,10.0,12.5
Sotécnica,18630,MP/G4.210.1040.3,10.0,11.5
Sotécnica,18630,MP/G4.210.740.3,10.0,9.5
Sotécnica,18630,MP/G4.210.440.3,10.0,7.5
Sotécnica,18630,Rolos G4 20.2 mts,2.0,130.0
Frostline,22275,Filtros MV/G4.785.385.98,1.0,12.75
Frostline,22275,Filtros MV/G4.790.390.48,1.0,10.5
Frostline,22275,Filtros F7.790.390.250.25.12,1.0,27.5
Frostline,22275,Filtros MV/G4.592.287.48,1.0,6.5
Frostline,22275,Filtros F7.592.287.320.25.10,1.0,25.5
Frostline,22275,Filtros MV/G4.592.592.48,2.0,8.5
Frostline,22275,Filtros F7.592.592.300.25.6,2.0,14.5
Frostline,22275,Filtros MV/G4.450.330.98,1.0,9.5
Frostline,22275,Filtros F7/PL.450.330.98,1.0,32.5
Frostline,22275,Filtros MV/G4.395.390.48,2.0,7.5
Frostline,22275,Filtros F7.395.390.350.25.6,2.0,15.5
Frostline,22275,Filtros MV/G4.790.390.48,1.0,10.5
Frostline,22275,Filtros F7.790.390.350.25.12,1.0,27.75
Frostline,22274,Filtros MP/G4.610.610.28,4.0,8.25
Frostline,22274,Filtros MP/G4.1030.520.20,1.0,12.75
Frostline,22274,Filtros F7/PL.610.610.48,4.0,37.5
Frostline,22274,Filtros MP/G4.610.610.25,4.0,7.95
Frostline,22274,Filtros MP/G4.1030.520.20,1.0,12.75
Frostline,22274,Filtros F7/PL.610.610.48,4.0,37.5
Frostline,22274,Filtros MP/G4.610.610.25,4.0,7.95
Frostline,22274,Filtros MP/G4.1030.520.20,1.0,12.75
Frostline,22274,Filtros F7/PL.610.610.48,4.0,37.5
Frostline,22274,Filtros MP/G4.610.450.20,4.0,7.95
Frostline,22274,Filtros M5.335.335.400.20.4,1.0,15.5
Frostline,22274,Filtros M5.535.535.600.20.10,1.0,21.5
ATM,18466,Filtros G3.592.592.600.25.4,70.0,12.5
ATM,18466,Filtros MV/G4.592.592.45,70.0,7.5
ATM,18466,Filtros M5.592.592.600.25.6,70.0,14.5
ATM ,18606,Filtros MV/G4.592.592.45,30.0,8.5
ATM ,18606,Filtros MV/G4.287.592.45,10.0,6.5
ATM ,18606,Filtros M6.492.592.380.25.8,12.0,14.75
ATM ,18606,Filtros MV/G4.540.475.45,5.0,8.0
Race,18622,Filtros MV/G4.580.280.98,2.0,8.0
Race,18622,Filtros MV/G4.580.580.98,2.0,10.5
Race,18622,Filtros F7/RG.592.287.292,12.0,52.5
Race,18622,Filtros F7/RG.592.592.292,40.0,37.5
Race,18622,Filtros MV/G4.490.490.48,1.0,7.0
Race,18622,Filtros MV/G4.592.592.48,40.0,7.5
Race,18622,Filtros MV/G4.287.592.48,12.0,6.0
Race,18622,Filtros MV/M5.490.490.48,1.0,9.0
Race,18622,Filtros F7/PL.592.592.48,2.0,27.5
Race,18622,Filtros F7/PL.287.592.48,2.0,19.5
Theedgegroup,18593,Filtros MV/G4.710.335.48,6.0,19.5
KMG,18458,Filtros MV/G4.495.490.45,1.0,7.25
KMG,18458,Filtros MV/G4.495.390.45,7.0,6.75
KMG,18458,Filtros MV/G4.592.592.45,6.0,7.5
KMG,18458,Filtros M6.592.592.360.25.6,3.0,14.25
KMG,18458,Filtros M6.592.490.360.25.5,3.0,12.95
KMG,18458,Filtros M6.287.490.360.25.3,1.0,11.95
Auchan Amadora,22292,Filtros F7/RG.490.592.292,7.0,49.5
Auchan Amadora,22292,Filtros MP/G4.300.300.20,1.0,6.8
Auchan Amadora,22292,Filtros MV/G4.592.287.98,1.0,12.5
Auchan Amadora,22292,Filtros MV/G4.592.592.48,60.0,8.5
Auchan Amadora,22292,Filtros MP/G4.960.263.20,1.0,9.5
Auchan Amadora,22292,Filtros MV/G4.625.400.45,6.0,7.95
Auchan Amadora,22292,Filtros MV/G4.592.287.48,20.0,6.5
Auchan Amadora,22292,Filtros MP/G4.450.440.20,2.0,7.15
Auchan Amadora,22292,Filtros F7/RG.592.592.292,35.0,52.5
TECCI,22281,Filtros MV/G4.540.475.48,2.0,8.5
TECCI,22281,Filtro F7/PL.540.475.48,1.0,34.5
TECCI,22281,Filtros MV/G4.287.287.48,2.0,5.5
TECCI,22281,Filtros MV/G4.395.395.48,1.0,7.25
TECCI,22281,Filtros MV/G4.490.490.48,1.0,7.5
TECCI,22281,Filtros F7/PL.287.287.48,2.0,12.5
TECCI,22281,Filtros F7/PL.395.395.48,1.0,17.5
TECCI,22281,Filtros F7/PL.490.490.48,1.0,21.5
TECCI,22281,Filtros F7/PL.625.500.48,24.0,35.5
Macrisan,18629,Cilindros CA 160.400,15.0,32.5
ATM,18603,Filtros G4.592.592.360.25.4,32.0,11.5
ATM,18603,Filtros G4.592.892.360.25.6,16.0,14.0
ATM,18603,Filtros F7.592.592.360.25.8,16.0,15.5
ATM,18603,Filtros F7.592.892.380.25.6,8.0,25.5
ATM,18603,Filtros F7.287.892.380.25.12,2.0,14.99
ATM,18603,Filtros F7.592.892.380.25.12,4.0,32.5
ATM,18603,Filtros F7.592.592.380.25.12,1.0,20.5
ATM,18603,Filtros F7/PL.430.490.96,1.0,48.5
ATM,18603,Filtros MV/G4.430.490.48,1.0,8.5
ATM,18603,Rolo manta G4 . 20.2 mts,1.0,110.0
Race,18596,Filtros F7.592.592.300.25.8,18.0,14.0
ATM,18602,Filtros G4.592.892.360.25.4,24.0,14.99
ATM,18602,Filtros F7.592.892.380.25.6,12.0,24.99
TRM,22282,MV/G4.592.592.48,6.0,8.5
TRM,22282,F7.592.592.500.25.6,6.0,17.5
TRM,22282,MV/G4.287.592.48,2.0,6.5
TRM,22282,MV/G4.592.592.48,4.0,8.5
TRM,22282,MV/G4.287.592.48,1.0,6.5
TRM,22282,MV/G4.592.592.48,1.0,8.5
TRM,22282,TPCGALV.592.592.47,2.0,18.5
TRM,22282,F7.592.592.24,2.0,32.5
TRM,22282,Cilindros CA,13.0,62.5
Certifiltra,18614,Filtro F9/RG.592.592.292,1.0,57.5
Certifiltra,18614,Filtro F9/RG.592.287.292,1.0,42.5
Certifiltra,18614,Filtro M6/PL.592.287.48,1.0,25.5
Certifiltra,18614,Filtro M6/PL.592.592.48,1.0,32.5
Faclima,18591,Filtros MP/G3.(1095.185.15)/2,1.0,12.5
Faclima,18591,Filtros MP/G3.(895.185.15)/2,9.0,10.5
Faclima,18591,Filtros MP/G3.(695.185.15)/2,10.0,9.5
Auchan,18626,Filtros F7.592.592.550.25.8,102.0,15.5
Auchan,18626,Filtros.F7.287.592.550.25.4,10.0,12.5
Auchan,18626,Filtros MV/G4.592.592.45,66.0,8.0
Auchan,18626,Filtros MV/G4.287.592.45,12.0,6.5
C.Aramus,220608,1300x180x10,40.0,7.15
C.Aramus,220608,1060x190x10,45.0,6.9
C.Aramus,220608,1255x190x10,25.0,7.05
C.Aramus,220608,1455x190x10,15.0,7.5
C.Aramus,220608,1190x250x20,11.0,6.99
C.Aramus,220608,1085x230x3,1.0,10.5
C.Aramus,220608,960x200x10,1.0,9.5
C.Aramus,220608,1665x190x10,1.0,17.5
Granjair,18624,Filtros F7.490.390.500.25.4,12.0,14.5
Granjair,18624,Filtros F7.490.740.500.25.4,6.0,24.5
Granjair,18624,Filtros F7.740.370.600.25.6,2.0,17.5
Granjair,18624,Filtros F7.592.592.550.25.8,12.0,15.5
Race,18557,Filtros M5.592.592.360.25.6 ,55.0,12.5
Race,18557,Filtros M5.287.592.360.25.3 ,39.0,9.9
Race,18557,Filtros F7.592.592.635.25.7,29.0,15.5
Race,18557,Filtros F7.287.592.635.25.4,18.0,12.0
Race,18557,Filtros M5.287.287.360.25.3,8.0,9.5
Race,18557,Filtros F7.287.287.635.25.3,4.0,10.5
Race,18595,Filtros MV/G4.592.592.48 ,1.0,7.5
Race,18595,Filtros MV/G4.592.592.48 ,18.0,7.5
Race,18595,Filtros MV/G4.660.820.150,1.0,45.0
Race,18595,Filtros MV/G4.585.525.100,1.0,12.5
Race,18595,Filtros MV/G4.485.420.45,2.0,7.5
Race,18595,Filtros MV/G4.480.545.45,1.0,8.25
Race,18595,Filtros Bolsas F7.592.592.25,18.0,14.5
Lennox,22260,Filtros F7.287.592.670.7,2.0,16.5
Lennox,22260,Filtros F7.592.287.670.3,4.0,15.5
Lennox,22260,Filtros F7.592.592.520.6,16.0,17.5
Lennox,22260,Filtros F7.287.592.670.5,10.0,18.5
Lennox,22260,Filtros F7.592.592.670.10,10.0,24.5
Lennox,22260,Filtros F7.592.592.670.6,4.0,19.5
Lennox,22260,Filtros MV/G4.395.395.48,1.0,7.25
Lennox,22260,Filtros MV/G4.592.592.45,8.0,9.5
Lennox,22260,Filtros MV/G4.287.592.45,4.0,6.5
CENTROASSIST,22254,MV/G4.735.600.48,1.0,
CENTROASSIST,22254,MV/G4.915.538.48,4.0,
CENTROASSIST,22254,MV/G4.612.744.48,1.0,
CENTROASSIST,22254,MV/G4.920.735.48,1.0,
CENTROASSIST,22254,F7.435.592.   .25.,3.0,
CENTROASSIST,22254,F7.592.287.   .25.,2.0,
CENTROASSIST,22254,F7.287.435.   .25.,1.0,
CENTROASSIST,22254,F7.287.592.   .25.,2.0,
CENTROASSIST,22254,F7.287.287.   .25.,1.0,
CENTROASSIST,22254,F7.595.625.   .25.,1.0,
CENTROASSIST,22254,F7.595.285.   .25.,1.0,
CENTROASSIST,22254,F7.625.438.   .25.,1.0,
CENTROASSIST,22254,F7.287.438.   .25.,1.0,
CENTROASSIST,22254,F7.592.595.   .25.,1.0,
CENTROASSIST,22254,F7.438.592.   .25.,1.0,
CENTROASSIST,22254,F7.438.292.   .25.,1.0,
CENTROASSIST,22254,MV/G4.800.500.48,16.0,
Frostline,18589,F7.590.590.25.2.500,82.0,807.5
RACE,18620,Filtros F7.592.592.534.25.8,20.0,15.5
RACE,18620,Filtros MV/G4.625.550.47,2.0,10.5
JPClima,18580,Filtros MV/G4.625.500.48,4.0,9.95
JPClima,18580,Filtros PL/F7.530.505.98,6.0,47.0
JPClima,18580,Filtros MV/G4.530.505.48,6.0,9.95
Universidade Nova de Lisboa - FCT,22293,Filtros MV/G4.655.700.98,2.0,37.5
TECCI,22279,Filtros MV/G4.500.530.48,18.0,8.5
TECCI,22279,Filtros F7/PL.500.530.98,18.0,47.5
TECCI,22279,Filtros MV/G4.625.500.48,8.0,8.5
TECCI,22279,Filtros F7/PL.625.500.48,8.0,37.5
TECCI,22279,Filtro MV/G4.592.592.48,1.0,8.5
Engie,22261,Filtros F7.592.592.330.25.7,9.0,17.5
Engie,22261,Filtros G4.592.592.360.25.4,9.0,12.95
Race,18590,Filtros MV/G4.287.592.48 ,2.0,6.5
Race,18590,Filtros MV/G4.490.592.48,10.0,7.5
Azinor,18612,F7.592.592.500.25.8,142.0,14.5
Azinor,18612,F7.287.592.500.25.4,75.0,12.5
Azinor,18612,F7/RG.592.592.292,34.0,52.5
Azinor,18612,F7/RG.592.287.292,16.0,37.5
Azinor,18612,F7.287.287.500.25.4,20.0,12.0
Azinor,18612,Rolos G4 20.2 mts,2.0,110.0
VALINOX,22256,MV/G4.430.460.95,6.0,
VALINOX,22256,F7.592.290.535.25.6,2.0,
VALINOX,22256,F7.592.592.535.25.6,2.0,
VALINOX,22256,H11.305.610.68,2.0,
VALINOX,22256,MV/G4.360.260.45,12.0,
VALINOX,22256,MV/G4.465.465.45,2.0,
VALINOX,22256,F7/PL.940.245.48,1.0,
VALINOX,22256,MP/G4.1050.170.5,6.0,
VALINOX,22256,MP/G4.650.170.5,10.0,
VALINOX,22256,MP/G4.1250.170.5,3.0,
VALINOX,22256,MP/G4.850.170.5,22.0,
VALINOX,22256,MP/G4.1450.170.5,4.0,
RACE,18625,Filtros MV/G4.500.530.50,16.0,7.5
RACE,18625,Filtros F7/PL.500.530.98,16.0,42.5
KINGMAN,22255,MV/G4.620.400.45,8.0,
KINGMAN,22255,F7.952.287.500.20.6,2.0,
KINGMAN,22255,F7.952.952.500.20.8,2.0,
KINGMAN,22255,MV/G4.592.287.48,1.0,
KINGMAN,22255,MV/G4.592.592.48,3.0,
KINGMAN,22255,F7.592.287.500.20.3,1.0,
KINGMAN,22255,F7.592.592.500.20.6,3.0,
KINGMAN,22255,MV/G4.592.292.48,1.0,
KINGMAN,22255,F7.592.292.500.20.3,1.0,
Tempo Analógico,18613,Filtros MP/G4.970.565.7,12.0,12.99
Tempo Analógico,18613,Filtros MP/G4.695.570.7,32.0,10.5
Tempo Analógico,18613,Filtros MP/G4.570.570.7,32.0,9.4
Tempo Analógico,18613,Filtros MP/G4.675.575.7,40.0,10.6
Tempo Analógico,18613,Filtros MV/G4.740.395.48,4.0,10.75
Auchan,18597,Filtros F7.592.592.550.25.8 ,12.0,15.5
Auchan,18597,Filtros MV/G4.600.590.48,24.0,9.25
Auchan,18597,Filtros MP/G3.735.230.10,4.0,7.25
Certifiltra,18599,Filtros MV/G4.592.592.45,14.0,7.5
Certifiltra,18599,Filtros MV/G4.592.287.45,16.0,5.75
Certifiltra,18598,Filtros F9.592.592.300.25.8,8.0,14.5
Certifiltra,18598,Filtros F9.287.592.300.25.4,7.0,10.5
Race,18632,Filtros MV/G4.500.625.48,12.0,7.75
Race,18632,Filtros MV/G4.500.450.48,6.0,7.5
C.Sotécnica,220608,M5.592.490.48,,
C.Sotécnica,220608,M5.592.490.96,,
C.Sotécnica,220608,F7.592.490.275,,
ANA,18574,Filtros MV/G4.592.592.48 ,4.0,8.15
ANA,18574,Filtros F9.592.592.500.25.10,36.0,19.5
ANA,18574,Filtros G4.592.592.300.25.4,8.0,11.5
ANA,18574,Filtros F7.592.592.635.25.8,12.0,15.5
ANA,18574,Filtros M5.592.592.500.25.8,12.0,14.5
ANA,18574,Filtros M5.492.492.500.25.5,12.0,14.0
ANA,18574,Filtros F7.492.492.635.25.5,12.0,14.75
C.ATM,220615,G2.675.200.20   2   5.5,,
C.ATM,220615,G4.480.757.48   4   10.5,,
C.ATM,220615,G4.480.420.48 1 7.8,,
C.ATM,220615,G4.490.490.45 4 7.5,,
C.ATM,220615,G4.490.592.48 38 7.75,,
C.ATM,220615,G4.500.625.48 4 7.75,,
C.ATM,220615,G4.535.470.45 1 7.25,,
C.ATM,220615,G4.590.520.98 2 12.5,,
C.ATM,220615,G4.590.800.48 2 12.5,,
C.ATM,220615,G4.592.592.48 1 8.5,,
C.ATM,220615,G4.645.470.45 2 8.5,,
C.ATM,220615,G4.690.370.35 4 7.75,,
C.ATM,220615,G4.800.590.48 1 9.9,,
C.ATM,220615,G4.920.865.48 1 14.5,,
C.ATM,220615,G4.940.470.48 2 11.5,,
C.ATM,220615,G4.960.260.10 1 6.5,,
C.ATM,220615,G7.435.287.360.4.20 1 14.5,,
C.ATM,220615,G7.592.435.360.5.20 1 15.5,,
C.ATM,220615,M5.370.120.46 6 5.5,,
C.ATM,220615,M5.392.797.500.4.20 8 18.5,,
C.ATM,220615,M5.490.490.500.6.20 4 15.5,,
C.ATM,220615,F7.490.592.96 18 42.5,,
C.ATM,220615,F7.500.530.98 6 42.5,,
C.ATM,220615,G4.490.592.50 18 7.75,,
C.ATM,220615,G4.500.530.48 6 7.75,,
C.ATM,220615,G4.625.500.45 4 8.5,,
C.ATM,220615,G4.625.510.48 3 8.5,,
ATM VW,18619,Filtros G4.592.592.600.25.4,120.0,12.99
ATM VW,18619,Filtros G4.592.287.600.25.4,40.0,12.5
ATM VW,18619,Filtros M5.592.287.600.25.4,8.0,12.25
Auchan,18605,Filtros MV/G4.800.500.48,60.0,9.5
Auchan,18605,Filtros MV/G4.495.395.48,16.0,7.25
Auchan,18605,Filtros MV/G4.1860.330.48,3.0,17.5
Auchan,18605,Filtros MP/G4.600.620.20,2.0,8.0
Auchan,18605,Filtros MP/G4.1050.280.10,1.0,10.5
Auchan,18605,Filtros MV/G4.620.400.48,3.0,7.5
SIBS,18627,MV/G4.772.372.60,36.0,9.5
SIBS,18627,MV/G4.350.590.50,2.0,7.75
SIBS,18627,MV/G4.420.590.50,2.0,8.25
SIBS,18627,F7.280.590.250.25.4,2.0,14.5
SIBS,18627,MP/G4.580.525.20,6.0,6.5
SIBS,18627,MP/G4.600.525.20,10.0,6.5
SIBS,18627,MP/G4.590.1000.20,4.0,12.5
SIBS,18627,MP/G4.510.1000.20,4.0,11.95
SIBS,18627,MV/G4.440.485.60,2.0,8.95
SIBS,18627,MV/G4.390.485.60,1.0,7.95
SIBS,18627,MV/G4.395.485.60,1.0,7.95
SIBS,18627,MV/G4 660.485.60,2.0,9.5
SIBS,18627,MV/G4.686.485.60,1.0,9.5
SIBS,18627,MV/G4.640.485.98,2.0,9.25
ATM,18635,Filtros MV/G4.470.550.97,12.0,10.5
TRM,22262,Filtro MP/G4.1190.360.30,2.0,21.5
TRM,22262,Filtro MP/G3.1114.330.8,1.0,14.75
TRM,22262,Filtro MP/G4.780.990.15,2.0,22.5
TRM,22262,Filtro MV/G4.515.455.45,1.0,9.5
TRM,22262,Filtro M5/PL.515.455.45,1.0,32.5
TRM,22262,Filtro MV/G4.590.640.48,1.0,9.95
NSR,22286,Filtros H14.915.457.66,36.0,89.0
NSR,22286,Filtros H14.915.305.66,18.0,82.0
NSR,22286,Filtros H14.457.305.66,18.0,47.0
NSR,22286,Filtros H14.610.610.66,18.0,76.0
NSR,22286,Filtros H14.592.592.292,22.0,199.0
NSR,22286,Filtros H14.287.592.292,2.0,124.0
NSR,22286,Filtros H13.592.592.292,2.0,193.0
NSR,22286,Filtros H13.287.592.292,2.0,120.0
NSR,22286,Filtros H13.305.610.292,10.0,121.0
NSR,22286,Filtros H13.610.610.150,4.0,95.0
Race,18563,Filtros F7.435.592.535.25.6,1.0,14.5
Race,18563,Filtros M5.287.592.360.25.3 ,1.0,12.5
Race,18563,Filtros M5.592.287.534.25.6,1.0,14.0
Race,18563,Filtros M5.592.592.534.25.6,1.0,14.0
Race,18563,Filtros MV/G4.500.530.50,6.0,6.95
Race,18563,Filtros MV/G4.625.500.50,6.0,7.25
Race,18563,Filtros MV/G4.535.455.48,4.0,6.75
Cisec,18615,Filtros F7/RG.592.592.292,19.0,54.5
Cisec,18615,Filtros MV/G4.592.592.48,1.0,8.5
Cisec,18615,Filtros F7/RG.592.287.292,1.0,31.5
Frostline,18609,Filtros MV/G4.985.780.145,1.0,38.5
Frostline,18609,Filtros M5.985.780.20,1.0,42.5
Frostline,18609,Filtros MV/G4.287.287.48,1.0,7.5
Frostline,18609,Filtros MV/G4.490.490.45,1.0,8.0
Frostline,18609,Filtros F7/PL.490.490.45,1.0,31.5
Frostline,18609,Filtros M5.715.583.25,1.0,21.5
Frostline,18609,Filtros MV/G4.500.620.48,16.0,8.5
Frostline,18609,Filtros F7/PL.500.620.48,16.0,32.5
C M SEIXAL,22257,MV/G4.282.582.98,2.0,
C M SEIXAL,22257,MV/G4.582.582.98,1.0,
C M SEIXAL,22257,MV/G4.545.495.48,2.0,
C M SEIXAL,22257,F7.592.592.375.25.6,1.0,
C M SEIXAL,22257,F7.593.290.375.25.4,1.0,
C M SEIXAL,22257,F7.290.290.375.25.3,1.0,
C M SEIXAL,22257,F7.287.592.370.25.3,1.0,
Team4cooling,18560,Filtros MP/G4.610.610.20,4.0,7.25
Team4cooling,18560,Filtros MP/G4.305.610.20,2.0,6.25
Team4cooling,18560,Filtros PL/F7.500.487.48,1.0,34.5
Team4cooling,18560,Filtros MV/G4.500.487.48,1.0,8.5
Team4cooling,18560,Filtros MP/G4.500.460.25,1.0,6.5
ANA,18628,Filtros F7/PL.415.355.48,3.0,42.5
ANA,18628,Filtros MV/G4.415.355.45,2.0,9.5
Egas Moniz,18592,Filtros M6.592.435.380.25.8,8.0,15.5
Egas Moniz,18592,Filtros MP/G4.630.660.20,8.0,11.5
CN MDL Beja Retail,22253,Filtros MV/G4.490.592.48,18.0,8.5
CN MDL Beja Retail,22253,Filtros F7/PL.490.592.96,18.0,47.5
CN MDL Beja Retail,22253,Filtros M5/PL.492.592.48,20.0,35.5
Rectimold,18621,F7/PL.610.610.48,3.0,38.5
Rectimold,18621,F7/PL.610.305.48,3.0,25.5
Rectimold,18621,"Manta POL 2.1,5 .10mm",1.0,47.5
Race,18611,Filtros MV/G4.592.592.48,200.0,7.45
JP Clima,18572,Filtros PL/F7.625.500.48,4.0,31.5
JP Clima,18572,Filtros MV/G4.625.500.48,4.0,9.5
Embaixada EUA,23295,MP/G4.1640.215.25,2.0,87.5
Embaixada EUA,23295,MP/G4.1100.250.25,2.0,47.5
Embaixada EUA,23295,MP/G4.700.245.25,2.0,29.5
Embaixada EUA,23295,MP/G4.1020.360.25,2.0,38.5
Embaixada EUA,23295,MP/G4.355.760.25,2.0,42.5
Embaixada EUA,23295,MP/G4.710.255.25,2.0,30.5
Embaixada EUA,23295,MP/G4.380.840.25,4.0,29.5
Embaixada EUA,23295,MP/G4.920.200.25,2.0,42.3
Embaixada EUA,23295,MP/G4.660.200.25,4.0,37.5
Embaixada EUA,23295,MP/G4.1050.190.25,2.0,44.5
Embaixada EUA,23295,MV/G4.380.505.50,4.0,34.5
Embaixada EUA,23295,MP/G4.1360.270.25,2.0,54.5
Embaixada EUA,23295,MP/G4.850.270.25,2.0,42.5
Embaixada EUA,23295,MP/G4.840.440.25,2.0,41.5
Embaixada EUA,23295,MP/G4.420.420.25,4.0,32.4
Valinox,22263,Filtros F7.795.392.500.25.6,2.0,18.5
Valinox,22263,Filtros MV/G4.340.255.48,21.0,5.5
Valinox,22263,Filtros F7/PL.900.490.28,1.0,37.5
Valinox,22263,Filtros MP/G4.585.585.20,12.0,6.55
Valinox,22263,Filtros MV/G4.745.535.50,4.0,8.5
Valinox,22263,Filtros MV/G4.625.495.47,4.0,8.25
Valinox,22263,Filtros MV/G4.495.495.47,12.0,7.5
Valinox,22263,Filtros MV/G4.740.615.45,2.0,9.5
ENGIE - Alverca,18562,Filtros G4.490.592.48,16.0,8.1
ENGIE - Alverca,18562,Filtros G4.287.592.48,4.0,6.5
JPClima,18573,Filtros PL/F7.530.500.98,4.0,46.5
JPClima,18573,Filtros MV/G4.530.500.48,4.0,9.5
Upk,18508,Filtros MP/G3.854.195.10,70.0,5.75
Upk,18508,Filtros MP/G3.800.315.10,2.0,8.95
Upk,18508,Filtros MP/G3.1070.145.3,11.0,6.15
Race,18564,Filtros PL/F7.420.660.97.ABS,10.0,45.5
Race,18564,Filtros MV/G4.500.795.48,4.0,8.5
Race,18564,Filtros MV/G4.500.795.48,4.0,8.5
Race,18564,Filtros MV/G4.660.420.48,10.0,7.75
Race,18565,Filtros RG/F9.592.592.292,11.0,49.5
Race,18565,Filtros MV/G4.287.592.48 ,2.0,5.5
Race,18565,Filtros MV/G4.592.592.48 ,8.0,7.0
Race,18565,Filtros F9.592.592.600.25.8,1.0,15.5
Race,18565,Filtros F9.592.287.600.25.8,1.0,15.25
Race,18565,Filtros F8.592.287.500.25.4,2.0,14.5
Race,18565,Filtros F7.287.592.533.25.4,1.0,11.5
Race,18565,Filtros M5.592.592.533.25.8,10.0,14.8
Race,18565,Filtros MV/M5.305.305.48,10.0,6.5
Race,18565,Filtros MV/M5.305.610.48,10.0,7.0
Race,18565,Filtros MV/G4.220.592.48,4.0,5.9
Race,18565,Filtros AR/G2.950.250.5,2.0,6.0
Race,18565,Filtros AR/G2.1130.200.5,2.0,7.0
Race,18565,Filtros AR/G2.1180.230.5,2.0,7.2
Race,18565,Filtros AR/G2.1180.330.5,2.0,8.0
Race,18565,Filtros MP/G2.560.330.10,2.0,5.8
Race,18565,Filtros AR/G2.1200.240.5,2.0,9.0
Race,18565,Filtros AR/G2.1020.205.5,5.0,7.0
Race,18565,Filtros AR/G2.1215.205.5,2.0,7.1
Race,18565,Filtros AR/G2.1200.240.5,2.0,9.0
Race,18565,Filtros AR/G2.1030.205.5,10.0,7.0
Race,18565,Filtros AR/G2.650.205.5,3.0,6.0
Race,18565,Filtros AR/G2.845.200.5,2.0,6.9
Certifiltra,18618,Filtros F9/RG.592.592.292,8.0,52.5
Certifiltra,18618,Filtros F9/RG.592.287.292,7.0,37.5
RACE,18607,Filtros TPCINOX 490.1030.48,24.0,88.75
Taguspark,18610,Filtros MV/G3.600.300.48,6.0,6.5
Taguspark,18610,Filtros MV/G3.700.350.48,4.0,6.75
Taguspark,18610,Filtros MV/G3.592.592.48,2.0,7.75
Taguspark,18610,Filtros F7.592.287.380.25.7,20.0,14.0
Taguspark,18610,Filtros F7.592.592.380.25.7,4.0,14.5
C.ATM. sintra 2022,2207221707,M5.490.490.535.6.20,1.0,14.5
C.ATM. sintra 2022,2207221707,F9.592.490.535.10.20,1.0,17.5
C.ATM. sintra 2022,2207221707,F9.490.490.535.8.20,1.0,15.5
Engie,18594,Filtros F7.592.592.380.25.8 ,112.0,12.95
Engie,18594,Filtros F7.287.592.380.25.4 ,2.0,9.5
Engie,18594,Filtros MV/G4.592.592.45,38.0,7.5
Engie,18594,Filtros MV/G4.287.592.45,4.0,5.75
UPK,18585,Filtros PL/F7 513.232.48,2.0,17.5
UPK,18585,Filtros PL/F7 528.265.48,6.0,18.5
UPK,18585,Filtros MV/G4 513.232.48,2.0,4.95
UPK,18585,Filtros MV/G4.528.265.48,6.0,5.25
ATM,22287,Filtros M5.287.287.600.25.3,12.0,11.5
ATM,22287,Filtros M5.287.592.600.25.3,70.0,11.75
ATM,22287,Filtros M5.592.592.600.25.6,95.0,14.75
ATM,22287,Filtros F7.287.287.600.25.4,14.0,12.25
ATM,22287,Filtros F7.287.592.600.25.4,90.0,12.5
ATM,22287,Filtros F7.592.592.600.25.8,140.0,15.75
ATM,22287,Filtros F9.287.287.600.25.4,14.0,12.95
ATM,22287,Filtros F9.287.592.600.25.4,90.0,12.95
ATM,22287,Filtros F9.592.592.600.25.8,140.0,16.25
Engie,18608,Filtros MP/G4.825.280.24,2.0,11.5
Engie,18608,Filtros MV/G4.690.593.48,4.0,14.5
Engie,18608,Filtros PL/F7.690.593.48,4.0,42.5
Engie,18608,FILTROS H13 610.610.292,4.0,165.0
Engie,18608,Filtros M5.592.592.360.25.6,4.0,14.5
ATM,22251,MV/G4.592.592.48,24.0,
ATM,22251,F7/RG.592.592.292,12.0,
ATM,22251,MV/G4.625.500.48,16.0,
ATM,22251,F7/PL.500.625.48,16.0,
ATM,22251,MV/G4.500.530.48,16.0,
ATM,22251,F7/PL.500.530.98,16.0,
ATM,22251,MV/G4.485.425.50,4.0,
Auchan Amadora,230912,Filtros MV/G4.592.592.48,60.0,8.5
Auchan Amadora,230912,Filtros MV/G4.592.287.48,20.0,6.5
Auchan Amadora,230912,Filtros MV/G4.625.500.48,7.0,8.5
Auchan Amadora,230912,Filtros MV/G4.592.490.98,1.0,12.5
Auchan Amadora,230912,Filtros MV/G4.592.287.98,1.0,10.5
Auchan Amadora,230912,Filtros MV/G4.625.400.48,6.0,7.75
Auchan Amadora,230912,Filtros MP/G4.615.515.20,2.0,7.15
Auchan Amadora,230912,Filtros MV/G4.650.315.198,1.0,32.5
Auchan Amadora,230912,Filtros MV/G4.615.565.48,2.0,8.75
Auchan Amadora,230912,Filtros F7/RG.592.592.292,50.0,52.5
Auchan Amadora,230912,Filtros F7/RG.592.287.292,40.0,37.5
Auchan Amadora,230912,Filtros F7/RG.592.490.292,6.0,49.5
ATM ,18556,Filtros M5.592.287.600.25.4,40.0,12.5
ATM ,18556,Filtros M5.592.592.600.25.6,120.0,14.75
MegaAvac,18558,Filtros MV/M5.490.490.46,4.0,10.5
MegaAvac,18558,Filtros MV/M5.792.392.46,1.0,14.5
MegaAvac,18558,Filtros MP/M5.588.588.25,1.0,8.95
MegaAvac,18558,Filtros MP/M5.588.285.25,2.0,7.75
MegaAvac,18558,Filtros MP/M5.285.285.25,1.0,6.5
Springzone,18581,Filtros MV/G4.380.600.30,4.0,8.75
Springzone,18581,Filtros MV/G4.380.1220.30,2.0,14.5
Springzone,18581,Filtros MV/G4.430.1220.30,2.0,14.75
Springzone,18581,Filtros MV/M5.380.570.90,8.0,12.75
Springzone,18581,Filtros MV/M5.380.1150.90,2.0,14.5
Springzone,18581,Filtros MV/M5.430.570.90,4.0,12.9
Valinox,18588,Filtros F7.592.592.550.25.8 ,20.0,14.5
Valinox,18588,Filtros F7.490.742.500.25.6,9.0,24.5
Valinox,18588,Filtros PL/F7.580.430.45,4.0,29.5
Valinox,18588,Filtros MV/G4.508.381.48,6.0,6.5
Valinox,18588,Filtros F7.490.592.500.25.6,8.0,14.5
Valinox,18588,Filtros MV/G4.610.508.48,4.0,7.25
Valinox,18588,Filtros MV/G4.508.508.48,4.0,6.95
Valinox,18588,Filtros F7.592.490.500.25.8,10.0,15.5
Valinox,18588,Filtros F7.592.287.500.25.8,6.0,15.5
Valinox,18588,Filtros MV/G4.635.406.48,6.0,6.95
Valinox,18588,Filtros MV/G4.635.406.48,3.0,6.95
Valinox,18588,Filtros MV/G4.435.620.48,10.0,6.95
Valinox,18588,Filtros PL/F7.625.500.45,1.0,31.5
Valinox,18588,Filtros MV/G4.625.500.45,1.0,7.5
Valinox,18588,Filtros MV/G4.508.406.48,4.0,6.5
Valinox,18588,Filtros MV/G4.241.495.45,2.0,5.5
Valinox,18588,Filtros F7.490.490.500.25.6,10.0,14.5
Valinox,18588,Filtros MV/G4.480.420.48,1.0,6.5
Valinox,18588,Filtros M5.485.423.500.25.5,1.0,15.5
Lmge,18584,Filtros MP/G3.645.205.10,120.0,5.95
IKEA,22280,Filtros F7/RG.592.592.292,80.0,48.5
IKEA,22280,Filtros F7.592.592.500.25.8,3.0,15.5
IKEA,22280,Filtros F7.592.287.500.25.8,6.0,15.5
IKEA,22280,Filtros F7/RG.592.287.292,8.0,35.5
IKEA,22280,Filtros MV/G4.442.442.48,2.0,6.5
IKEA,22280,Filtros G4.592.287.360.25.4,6.0,10.5
IKEA,22280,Filtros MV/G4.592.287.48,14.0,6.5
IKEA,22280,Filtros G4.592.592.360.25.4,20.0,11.5
IKEA,22280,Filtros MV/G4.592.592.48,324.0,7.5
IKEA,22280,Filtros MV/G4.715.1200.48,2.0,32.5
Colégio o Preguiça,18569,Filtros MV/G4.390.490.47,6.0,8.5
Colégio o Preguiça,18569,Filtros MV/G4.592.592.47,34.0,9.95
Colégio o Preguiça,18569,Filtros MP/G4.615.1075.20,3.0,17.5
Colégio o Preguiça,18569,Filtros MV/G4.720.585.95,1.0,18.5
Colégio o Preguiça,18569,Filtros F8.592.592.500.20.25.7,9.0,22.5
Sotécnica,18570,Filtros M5.592.592.360.25.6 ,141.0,10.5
Sotécnica,18570,Filtros M5.592.287.360.25.4,36.0,8.95
Sotécnica,18570,Filtros M5.305.610.500.25.4,1.0,15.5
Sotécnica,18570,Filtros F7.592.592.380.25..8,87.0,11.5
Sotécnica,18570,Filtros F7.592.287.380.25.4,19.0,9.95
ANA,18471,Filtros MV/G4.585.525.100,2.0,12.5
C M Seixal Loja do Cidadão,22288,Filtros MV/G4.445.622.44,2.0,11.5
C M Seixal Loja do Cidadão,22288,Filtros MV/G4.391.622.44,1.0,11.25
C M Seixal Loja do Cidadão,22288,Filtros F7.592.592.520.25.10,2.0,25.45
C M Seixal Loja do Cidadão,22288,Filtros F7.592.592.520.25.10,2.0,25.45
C M Seixal Loja do Cidadão,22288,Filtros MV/G4.448.448.10,2.0,10.25
C M Seixal Loja do Cidadão,22288,Filtros F7.490.392.520.25.8,2.0,22.95
C M Seixal Loja do Cidadão,22288,Filtros F7.490.392.520.25.8,2.0,22.95
Frostline 2,22277,Filtros MV/G4.592.287.45,7.0,6.5
Frostline 2,22277,Filtros MV/G4.592.592.45,6.0,8.75
Frostline 2,22277,Filtros F7.592.592.550.25.11,1.0,25.5
Frostline 2,22277,Filtros F7.592.287.550.25.4,1.0,14.5
Frostline 2,22277,Filtros F7.592.592.500.25.7,2.0,16.5
Frostline 2,22277,Filtros F7.287.592.550.25.4,1.0,12.95
Frostline 2,22277,Filtros MV/G4.430.430.115,1.0,14.5
Eurocalor,22273,Filtros MV/G4.592.592.48,1.0,7.5
Eurocalor,22273,Filtros MV/G4.490.592.48,8.0,7.25
Eurocalor,22273,Filtros MV/G4.287.592.48,2.0,6.5
Eurocalor,22273,Filtros F7/RG.592.592.292,1.0,52.5
Eurocalor,22273,Filtros F7/RG.490.592.292,12.0,49.5
Eurocalor,22273,Filtros F7/RG.287.592.292,3.0,37.5
Azinor Luanda,22283,Filtros F7.592.592.535.25.8,210.0,15.5
Azinor Luanda,22283,Filtros F7.287.592.535.25.3,110.0,12.5
Azinor Luanda,22283,Filtros F7.287.287.535.25.3,0.0,
Azinor Luanda,22283,Rolos G4 20.2 mts,4.0,95.0
Azinor Luanda,22283,Estrut. 592.592.100 + Rede,54.0,6.99
Azinor Luanda,22283,Estrut. 592.287.100 + Rede,22.0,5.25
ATM,18493,Filtros F7.592.592.500.25.7,50.0,14.75
ATM,18493,Filtros F7.287.592.500.25.4,20.0,11.5
ANA,18470,Filtros F7.490.592.360.25.6,18.0,12.99
ATM ,18587,Filtros F9.592.592.500.25.6,10.0,14.95
ATM ,18587,Filtros F9.287.592.500.25.3,10.0,10.5
ATM ,18587,Filtros F9/RG.592.592.292 ,15.0,49.95
ATM ,18587,Filtros F9.287.592.500.25.5,20.0,14.0
ATM ,18587,Filtros F9.592.287.500.25.8,10.0,14.95
ATM ,18587,Filtros F9.437.287.500.25.6,10.0,14.5
ATM ,18587,Filtros F9.592.592.500.25.10,10.0,18.5
ATM ,18587,Filtros F9.437.592.500.25.10,10.0,19.5
ATM ,18587,Filtros F9.287.592.500.25.5,15.0,14.0
ATM ,18587,Filtros F7.437.592.500.25.10,10.0,18.5
ATM ,18587,Filtros M5.592.592.500.25.6,15.0,14.5
ATM ,18587,Filtros F9/RG.592.287.292,10.0,35.5
ATM ,18587,Filtros F9.593.437.500.25.5,10.0,14.25
ATM ,18587,Filtros F9.490.292.500.25.5,10.0,14.0
ATM ,18587,Filtros F7.592.592.500.25.8,15.0,14.5
ATM ,18587,Filtros F7.287.592.500.25.5,15.0,14.0
ATM ,18587,Filtros F7.592.287.500.25.10,10.0,18.5
ATM ,18587,Filtros F7.437.287.500.25.8,10.0,14.5
ATM ,18587,Filtros M5.437.592.500.25.5,10.0,14.0
ATM ,18587,Filtros M5.592.287.500.25.10,10.0,18.25
ATM ,18587,Filtros M5.437.287.500.25.10,10.0,18.25
ATM ,18587,Filtros M5.287.592.500.25.5,10.0,14.0
Termofrio,22269,Filtros MV/G4.455.565.98,12.0,11.5
Termofrio,22269,Filtros F7.592.592.535.25.12,4.0,24.5
Termofrio,22269,Filtros F7.287.592.535.25.06,5.0,15.5
Termofrio,22269,Filtros F9.435.592.535.25.6,2.0,16.5
Termofrio,22269,Filtros F9.287.435.535.25.3,2.0,12.5
Termofrio,22269,Filtros MV/G4.592.592.48,5.0,8.5
Termofrio,22269,Filtros MV/G4.592.287.48,4.0,6.5
Termofrio,22269,Filtros MV/G4.740.610.48,1.0,10.5
Termofrio,22269,Filtros F7.435.592.534.245.6,1.0,15.5
Termofrio,22269,Filtros MV/G4.775.755.47,2.0,12.5
Sotécnica,23297,Filtros MP/G3.940.200.5,100.0,7.75
Sotécnica,23297,Filtros MP/G3.1065.205.5,100.0,8.25
Sotécnica,23297,Filtros MP/G3.650.650.10,6.0,17.5
Sotécnica,23297,Filtros MV/G4.592.592.48,7.0,9.5
Sotécnica,23297,Filtros MV/G4.592.287.48,6.0,6.75
Sotécnica,23297,Filtros MV/G4.287.287.48,3.0,6.5
Sotécnica,23297,Filtros F9.592.592.460.25.8,3.0,19.0
Sotécnica,23297,Filtros F9.592.287.460.25.8,4.0,18.5
Sotécnica,23297,Filtros F9.287.287.460.25.4,1.0,15.25
Sotécnica,23297,Filtros G4.592.592.460.25.6,6.0,14.25
Sotécnica,23297,Filtros G4.592.287.460.25.6,3.0,14.15
Sotécnica,23297,Filtros G4.287.287.460.25.3,2.0,12.5
Proairindustrial,18600,Filtros MV/G4.740.455.48,24.0,7.2
Proairindustrial,18600,Filtros MV/G4.545.610.48,12.0,6.95
Proairindustrial,18600,Filtros MV/G4.540.608.48,24.0,6.95
Proairindustrial,18600,Filtros MV/G4.540.455.48,24.0,6.25
Proairindustrial,18600,Filtros MV/G4.455.610.48,12.0,6.95
Proairindustrial,18600,Filtros MV/G4.455.608.48,24.0,6.95
C.U. Católica P,220620,Filtro G4.545.625.47,1.0,9.5
ANA,18512,Filtros MP/G4.650.630.25,4.0,14.5
Sotécnica,18604,Filtros MV/G4.592.592.48 ,84.0,7.5
Sotécnica,18604,Filtros MV/G4.287.592.48 ,41.0,5.75
Sotécnica,18604,Filtros MV/G4.490.592.48,2.0,6.5
Sotécnica,18604,Filtros M5.592.592.360.25.6 ,16.0,12.99
Sotécnica,18604,Filtros M5.287.592.360.25.3 ,8.0,10.5
Sotécnica,18604,Filtros MP/G4.420.660.20,8.0,7.4
Sotécnica,18604,Filtros MV/M5.287.592.48,2.0,7.25
Sotécnica,18604,Filtros MV/M5.592.592.45,2.0,8.95
Sotécnica,18604,Filtros MV/M5.292.594.45,2.0,7.0
Sotécnica,18604,Filtros F7.592.592.599.25.7,24.0,15.5
Valinox,18558,Filtros MV/G4.620.395.45,12.0,7.75
Valinox,18558,Filtros F7.592.592.500.25.8,4.0,14.75
LMGE,18633,Filtros M5 592.592.300.25.6,4.0,12.99
LMGE,18633,Filtros M5.287.592.300.25.3,6.0,10.5
LMGE,18633,Filtros F7.592.592.300.25.7,4.0,14.0
LMGE,18633,Filtros F7.287.592.300.25.4,6.0,11.5
JMC,18568,Filtros MV/G4.800.500.48,6.0,10.5
JMC,18568,Filtros PL/F7.625.500.48,8.0,32.5
RACE,22249,MP/G3.385.585.12,10.0,
RACE,22249,MP/G3.400.630.12,10.0,
Universidade Nova de Lisboa FCT,22291,Rolo Filtrante G3.20.1 mts,1.0,172.5
ATM ,18579,Filtros MV/G4.625.500.48,2.0,7.75
ATM ,18579,Filtros MV/G4.287.592.48 ,1.0,6.75
ATM ,18579,Filtros MV/G4.485.262.48,2.0,6.15
ATM ,18579,Filtros MV/G4.620.500.48,11.0,7.75
ATM ,18579,Filtros MV/G4.625.395.48,2.0,7.25
ATM ,18579,Filtros MV/G4.400.400.48,1.0,6.5
ATM ,18579,Filtros MV/G4.500.400.48,3.0,6.75
ATM ,18579,Filtros MV/G4.395.395.48,3.0,6.5
ATM ,18579,Filtros MV/G4.625.495.48,1.0,7.75
ATM ,18579,Filtros MV/G4.620.400.48,4.0,7.25
ATM ,18579,Filtros MV/G4.395.625.48,3.0,7.35
ATM ,18579,Filtros MV/G4.630.495.48,2.0,7.8
ATM ,18579,Filtros MV/G4.875.670.145,1.0,27.5
ATM ,18579,Filtros F7.592.592.500.25.7,13.0,14.95
ATM ,18579,Filtros F7.287.592.500.25.4,2.0,11.95
ATM ,18579,Filtros F7.592.287.500.25.7,1.0,14.5
